State,City
Goa,Vagator
Goa,Panaji
Goa,Canacona
Goa,Baga
Goa,Arambol
Goa,Mapusa
Goa,Margao
Goa,Calangute
Goa,Colva
Goa,Anjuna
Goa,Ponda
Uttar Pradesh,Varanasi
Uttar Pradesh,Lucknow
Uttar Pradesh,Allahabad
Uttar Pradesh,Agra
Uttar Pradesh,Vrindavan
Uttar Pradesh,Kanpur
Uttar Pradesh,Meerut
Uttar Pradesh,Gorakhpur
Uttar Pradesh,Bareilly
Uttar Pradesh,Aligarh
Uttar Pradesh,Moradabad
Uttar Pradesh,Ayodhya
Uttar Pradesh,Hastinapur
Kerala,Alleppey
Kerala,Thiruvananthapuram
Kerala,Munnar
Kerala,Kozhikode
Kerala,Kochi
Kerala,Kollam
Kerala,Thrissur
Kerala,Palakkad
Kerala,Kottayam
Kerala,Kasaragod
Kerala,Wayanad
Madhya Pradesh,Bhopal
Madhya Pradesh,Indore
Madhya Pradesh,Ujjain
Madhya Pradesh,Gwalior
Madhya Pradesh,Jabalpur
Madhya Pradesh,Sagar
Madhya Pradesh,Rewa
Madhya Pradesh,Satna
Madhya Pradesh,Ratlam
Madhya Pradesh,Chhindwara
Uttarakhand,Rishikesh
Uttarakhand,Narendra Nagar
Uttarakhand,Mussoorie
Uttarakhand,Joshimath
Uttarakhand,Haridwar
Uttarakhand,Dehradun
Uttarakhand,Nainital
Uttarakhand,Auli
Uttarakhand,Chamoli
Uttarakhand,Rudraprayag
Uttarakhand,Uttarkashi
Uttarakhand,Ramnagar
Rajasthan,Jaipur
Rajasthan,Jodhpur
Rajasthan,Udaipur
Rajasthan,Jaisalmer
Rajasthan,Ajmer
Rajasthan,Kota
Rajasthan,Bikaner
Rajasthan,Alwar
Rajasthan,Mount Abu
Rajasthan,Pushkar
Maharashtra,Mumbai
Maharashtra,Pune
Maharashtra,Lonavala
Maharashtra,Nagpur
Maharashtra,Nashik
Maharashtra,Aurangabad
Maharashtra,Kolhapur
Maharashtra,Solapur
Maharashtra,Amravati
Maharashtra,Akola
West Bengal,Kolkata
West Bengal,Darjeeling
West Bengal,Siliguri
West Bengal,Howrah
West Bengal,Durgapur
West Bengal,Asansol
West Bengal,Bardhaman
West Bengal,Haldia
West Bengal,Krishnanagar
West Bengal,Murshidabad
Punjab,Amritsar
Punjab,Ludhiana
Punjab,Jalandhar
Punjab,Patiala
Punjab,Mohali
Punjab,Bathinda
Punjab,Pathankot
Punjab,Hoshiarpur
Punjab,Moga
Punjab,Firozpur
Gujarat,Ahmedabad
Gujarat,Surat
Gujarat,Vadodara
Gujarat,Rajkot
Gujarat,Gandhinagar
Gujarat,Bhavnagar
Gujarat,Jamnagar
Gujarat,Junagadh
Gujarat,Anand
Gujarat,Navsari
Tamil Nadu,Chennai
Tamil Nadu,Coimbatore
Tamil Nadu,Madurai
Tamil Nadu,Tiruchirappalli
Tamil Nadu,Salem
Tamil Nadu,Tirunelveli
Tamil Nadu,Vellore
Tamil Nadu,Thoothukudi
Tamil Nadu,Thanjavur
Tamil Nadu,Erode
Karnataka,Bangalore
Karnataka,Mysore
Karnataka,Mangalore
Karnataka,Hubli
Karnataka,Belgaum
Karnataka,Gulbarga
Karnataka,Davanagere
Karnataka,Bellary
Karnataka,Bijapur
Karnataka,Shimoga
Telangana,Hyderabad
Telangana,Warangal
Telangana,Nizamabad
Telangana,Karimnagar
Telangana,Ramagundam
Telangana,Khammam
Telangana,Mahbubnagar
Telangana,Nalgonda
Telangana,Adilabad
Telangana,Suryapet
Bihar,Patna
Bihar,Gaya
Bihar,Bhagalpur
Bihar,Muzaffarpur
Bihar,Purnia
Bihar,Darbhanga
Bihar,Aurangabad
Bihar,Begusarai
Bihar,Katihar
Bihar,Chhapra
Assam,Guwahati
Assam,Dibrugarh
Assam,Silchar
Assam,Jorhat
Assam,Nagaon
Assam,Tinsukia
Assam,Bongaigaon
Assam,Tezpur
Assam,Karimganj
Assam,Hailakandi
